{
  "timestamp": 1752760440.7759454,
  "system_info": {
    "cpu_count": 2,
    "memory_total_gb": 7.757411956787109,
    "memory_available_gb": 3.503021240234375,
    "gpu_available": false,
    "gpu_count": 0
  },
  "models_benchmarked": 2,
  "benchmark_results": {
    "ultra_fast_tactical": {
      "model_name": "ultra_fast_tactical",
      "iterations": 1000,
      "errors": 0,
      "error_rate": 0.0,
      "avg_latency_ms": 0.1262640180023027,
      "min_latency_ms": 0.0836009999147791,
      "max_latency_ms": 1.445114999796715,
      "p50_latency_ms": 0.10065099991152238,
      "p95_latency_ms": 0.18642200004705953,
      "p99_latency_ms": 0.21360398979368256,
      "p999_latency_ms": 1.201056302978963,
      "std_latency_ms": 0.07416193927143937,
      "avg_throughput_qps": 7919.9127021426075,
      "meets_1ms_target": "True",
      "meets_500us_target": "True",
      "consistency_score": 0.41264391514859866
    },
    "vectorized_tactical": {
      "model_name": "vectorized_tactical",
      "iterations": 1000,
      "errors": 0,
      "error_rate": 0.0,
      "avg_latency_ms": 0.1697351399964191,
      "min_latency_ms": 0.0993010000911454,
      "max_latency_ms": 4.209844000115481,
      "p50_latency_ms": 0.14610100004119886,
      "p95_latency_ms": 0.18160105011020278,
      "p99_latency_ms": 1.127636080038875,
      "p999_latency_ms": 3.68396540504232,
      "std_latency_ms": 0.26901141645307197,
      "avg_throughput_qps": 5891.5319480756725,
      "meets_1ms_target": "False",
      "meets_500us_target": "False",
      "consistency_score": -0.5848893544303633
    }
  },
  "system_summary": {
    "total_records": 2000,
    "recent_records": 2000,
    "avg_cpu_percent": 4.8793,
    "avg_memory_mb": 4026.542138671875,
    "avg_gpu_memory_mb": 0.0,
    "models_monitored": 2,
    "alerts_last_hour": 14,
    "data_collection_rate": 400.0,
    "timestamp": 1752760440.7769177
  },
  "alerts_summary": {
    "recent_alerts": 14,
    "alert_types": {
      "latency_breach": 14
    }
  },
  "model_summaries": {
    "ultra_fast_critic": {
      "error": "No data for model"
    },
    "ultra_fast_tactical": {
      "model_name": "ultra_fast_tactical",
      "total_requests": 1000,
      "avg_latency_ms": 0.1262640180023027,
      "min_latency_ms": 0.0836009999147791,
      "max_latency_ms": 1.445114999796715,
      "p50_latency_ms": 0.10065099991152238,
      "p95_latency_ms": 0.18642200004705953,
      "p99_latency_ms": 0.21360398979368256,
      "last_updated": 1752760440.777372
    },
    "vectorized_tactical": {
      "model_name": "vectorized_tactical",
      "total_requests": 1000,
      "avg_latency_ms": 0.1697351399964191,
      "min_latency_ms": 0.0993010000911454,
      "max_latency_ms": 4.209844000115481,
      "p50_latency_ms": 0.14610100004119886,
      "p95_latency_ms": 0.18160105011020278,
      "p99_latency_ms": 1.127636080038875,
      "last_updated": 1752760440.777761
    },
    "ultra_fast_momentum": {
      "error": "No data for model"
    },
    "ultra_fast_entry": {
      "error": "No data for model"
    },
    "ultra_fast_fvg": {
      "error": "No data for model"
    }
  }
}