{
  "price_stats": {
    "min": 9792.25,
    "max": 22911.25,
    "mean": 15275.9794921875,
    "std": 3346.927978515625
  },
  "volume_stats": {
    "min": 0,
    "max": 157408,
    "mean": 11806.171353172977,
    "std": 16970.748877898182
  },
  "return_stats": {
    "mean": 2.4312272216775455e-05,
    "std": 0.003882811637595296,
    "skew": -51.9096565246582,
    "kurtosis": 7658.33447265625,
    "min": -0.5563536882400513,
    "max": 0.12022852897644043
  }
}