{
  "price_stats": {
    "min": 9754.75,
    "max": 22930.0,
    "mean": 15203.939453125,
    "std": 3350.17578125
  },
  "volume_stats": {
    "min": 0,
    "max": 38480,
    "mean": 2020.8037966763823,
    "std": 3065.2765527469255
  },
  "return_stats": {
    "mean": 4.174632067588391e-06,
    "std": 0.0016094036400318146,
    "skew": -124.67147064208984,
    "kurtosis": 44481.2578125,
    "min": -0.5566051006317139,
    "max": 0.12160050868988037
  }
}