{
  "execution_summary": {
    "total_trades_executed": 43,
    "failed_trades": 0,
    "execution_success_rate": 1.0,
    "trading_win_rate": 0.5813953488372093,
    "total_net_pnl": 177738.93550133114,
    "total_execution_costs": 5335.389498670769,
    "avg_cost_per_trade": 124.078825550483,
    "avg_execution_time_ms": 324.4980028837237
  },
  "strategy_performance": {
    "Synergy_1": {
      "trades": 13,
      "win_rate": 0.6153846153846154,
      "total_pnl": 61369.65595159317,
      "avg_pnl_per_trade": 4720.742765507167,
      "total_costs": 1734.9690484073542,
      "avg_cost_per_trade": 133.45915756979647
    },
    "Synergy_2": {
      "trades": 10,
      "win_rate": 0.7,
      "total_pnl": 62868.44798996358,
      "avg_pnl_per_trade": 6286.844798996358,
      "total_costs": 1114.5020100366214,
      "avg_cost_per_trade": 111.45020100366214
    },
    "MARL_Agent": {
      "trades": 15,
      "win_rate": 0.4666666666666667,
      "total_pnl": 29834.894402823476,
      "avg_pnl_per_trade": 1988.9929601882318,
      "total_costs": 1893.5555971775555,
      "avg_cost_per_trade": 126.23703981183704
    },
    "Combined_Strategy": {
      "trades": 5,
      "win_rate": 0.6,
      "total_pnl": 23665.937156950997,
      "avg_pnl_per_trade": 4733.187431390199,
      "total_costs": 592.362843049237,
      "avg_cost_per_trade": 118.4725686098474
    }
  },
  "execution_quality": {
    "avg_slippage_cost": 122.45882555048301,
    "avg_execution_latency": 324.4980028837237,
    "cost_efficiency": 33.313207132414995,
    "execution_success_rate": 1.0
  },
  "nq_futures_specs": {
    "commission_per_round_turn": 0.5,
    "point_value": 20.0,
    "tick_size": 0.25,
    "realistic_slippage": "0.5-1.0 points dynamic"
  },
  "individual_trades": [
    {
      "success": true,
      "strategy": "MARL_Agent",
      "entry_price": 20152.0,
      "exit_price": 19952.7075,
      "quantity": 3,
      "net_pnl": 11803.6984409684,
      "total_costs": 153.8515590315734,
      "execution_time_ms": 239.6624500015605,
      "slippage_cost": 152.2315590315734
    },
    {
      "success": true,
      "strategy": "MARL_Agent",
      "entry_price": 20692.0,
      "exit_price": 20897.1525,
      "quantity": 3,
      "net_pnl": 12194.92810033528,
      "total_costs": 114.22189966472801,
      "execution_time_ms": 330.6922419997136,
      "slippage_cost": 112.60189966472801
    },
    {
      "success": true,
      "strategy": "Combined_Strategy",
      "entry_price": 22389.75,
      "exit_price": 22611.375,
      "quantity": 3,
      "net_pnl": 13143.388538451041,
      "total_costs": 154.11146154895772,
      "execution_time_ms": 364.7888760006026,
      "slippage_cost": 152.49146154895772
    },
    {
      "success": true,
      "strategy": "Synergy_1",
      "entry_price": 22387.75,
      "exit_price": 22609.355,
      "quantity": 3,
      "net_pnl": 13142.18826464029,
      "total_costs": 154.11173535968337,
      "execution_time_ms": 335.2887870005361,
      "slippage_cost": 152.49173535968336
    },
    {
      "success": true,
      "strategy": "Synergy_1",
      "entry_price": 21813.5,
      "exit_price": 21597.84,
      "quantity": 3,
      "net_pnl": 12785.632665746814,
      "total_costs": 153.96733425317524,
      "execution_time_ms": 233.79259200009983,
      "slippage_cost": 152.34733425317523
    },
    {
      "success": true,
      "strategy": "Synergy_2",
      "entry_price": 21764.5,
      "exit_price": 21980.3775,
      "quantity": 3,
      "net_pnl": 12838.31936184389,
      "total_costs": 114.33063815602986,
      "execution_time_ms": 303.6668770000688,
      "slippage_cost": 112.71063815602986
    },
    {
      "success": true,
      "strategy": "Synergy_2",
      "entry_price": 21559.0,
      "exit_price": 21668.55375,
      "quantity": 3,
      "net_pnl": -6687.550447038325,
      "total_costs": 114.32544703837773,
      "execution_time_ms": 344.6797790002165,
      "slippage_cost": 112.70544703837773
    },
    {
      "success": true,
      "strategy": "MARL_Agent",
      "entry_price": 21613.25,
      "exit_price": 21398.85,
      "quantity": 3,
      "net_pnl": 12749.655449159698,
      "total_costs": 114.34455084038828,
      "execution_time_ms": 320.1704379989678,
      "slippage_cost": 112.72455084038828
    },
    {
      "success": true,
      "strategy": "MARL_Agent",
      "entry_price": 20897.5,
      "exit_price": 21003.495,
      "quantity": 3,
      "net_pnl": -6474.213378098844,
      "total_costs": 114.51337809890514,
      "execution_time_ms": 309.68013600067934,
      "slippage_cost": 112.89337809890513
    },
    {
      "success": true,
      "strategy": "MARL_Agent",
      "entry_price": 20848.0,
      "exit_price": 20954.7525,
      "quantity": 3,
      "net_pnl": -6559.059207614375,
      "total_costs": 153.9092076144539,
      "execution_time_ms": 244.66099799974472,
      "slippage_cost": 152.2892076144539
    },
    {
      "success": true,
      "strategy": "Synergy_2",
      "entry_price": 21264.5,
      "exit_price": 21476.135,
      "quantity": 3,
      "net_pnl": 12613.264414793484,
      "total_costs": 84.83558520641853,
      "execution_time_ms": 365.8611859991652,
      "slippage_cost": 83.21558520641852
    },
    {
      "success": true,
      "strategy": "MARL_Agent",
      "entry_price": 21500.5,
      "exit_price": 21609.761249999996,
      "quantity": 3,
      "net_pnl": -6669.949102418556,
      "total_costs": 114.27410241880077,
      "execution_time_ms": 318.68252500134986,
      "slippage_cost": 112.65410241880076
    },
    {
      "success": true,
      "strategy": "Synergy_1",
      "entry_price": 21513.0,
      "exit_price": 21299.6025,
      "quantity": 3,
      "net_pnl": 12689.51214170537,
      "total_costs": 114.33785829457592,
      "execution_time_ms": 341.3052460000472,
      "slippage_cost": 112.71785829457592
    },
    {
      "success": true,
      "strategy": "MARL_Agent",
      "entry_price": 21097.0,
      "exit_price": 21204.746249999997,
      "quantity": 3,
      "net_pnl": -6618.611496851822,
      "total_costs": 153.8364968520322,
      "execution_time_ms": 344.7053790005157,
      "slippage_cost": 152.2164968520322
    },
    {
      "success": true,
      "strategy": "MARL_Agent",
      "entry_price": 20892.0,
      "exit_price": 20997.9675,
      "quantity": 3,
      "net_pnl": -6472.377495082981,
      "total_costs": 114.32749508305085,
      "execution_time_ms": 350.7605380000314,
      "slippage_cost": 112.70749508305084
    },
    {
      "success": true,
      "strategy": "Synergy_1",
      "entry_price": 20606.75,
      "exit_price": 20501.22875,
      "quantity": 3,
      "net_pnl": -6485.214653529011,
      "total_costs": 153.93965352891524,
      "execution_time_ms": 296.6420079992531,
      "slippage_cost": 152.31965352891524
    },
    {
      "success": true,
      "strategy": "Combined_Strategy",
      "entry_price": 19341.25,
      "exit_price": 19439.714999999997,
      "quantity": 3,
      "net_pnl": -6022.277584214621,
      "total_costs": 114.37758421483073,
      "execution_time_ms": 350.75863899874093,
      "slippage_cost": 112.75758421483073
    },
    {
      "success": true,
      "strategy": "MARL_Agent",
      "entry_price": 19691.0,
      "exit_price": 19495.3275,
      "quantity": 3,
      "net_pnl": 11655.753449206793,
      "total_costs": 84.596550793241,
      "execution_time_ms": 443.611348999184,
      "slippage_cost": 82.97655079324099
    },
    {
      "success": true,
      "strategy": "MARL_Agent",
      "entry_price": 19882.0,
      "exit_price": 19983.168749999997,
      "quantity": 3,
      "net_pnl": -6184.404471082251,
      "total_costs": 114.27947108242577,
      "execution_time_ms": 290.6370489999972,
      "slippage_cost": 112.65947108242577
    },
    {
      "success": true,
      "strategy": "Combined_Strategy",
      "entry_price": 18917.75,
      "exit_price": 18730.8,
      "quantity": 3,