{
  "certification_metadata": {
    "timestamp": "2025-07-15T08:18:20.295827",
    "total_tests": 21,
    "passed_tests": 11,
    "conditional_tests": 8,
    "failed_tests": 2
  },
  "test_results": [
    {
      "category": "production_simulation",
      "test_name": "market_opening",
      "status": "PASSED",
      "score": 100.0,
      "execution_time": 0.0008268356323242188,
      "metrics": {
        "average_latency_ms": 2.481011206482637,
        "p99_latency_ms": 4.465820171668747,
        "throughput_tps": 1549.8235040527218,
        "error_rate_percent": 0.027917319886589756,
        "uptime_percent": 99.90011679557794,
        "memory_usage_mb": 1183.5151877255637,
        "cpu_usage_percent": 46.9082947689958
      },
      "critical_issues": [],
      "recommendations": []
    },
    {
      "category": "production_simulation",
      "test_name": "high_volatility",
      "status": "PASSED",
      "score": 85.0,
      "execution_time": 1.8835067749023438e-05,
      "metrics": {
        "average_latency_ms": 4.927080683597505,
        "p99_latency_ms": 8.86874523047551,
        "throughput_tps": 1039.5247952715054,
        "error_rate_percent": 0.07478987207343903,
        "uptime_percent": 99.92791910241841,
        "memory_usage_mb": 1179.9751616489336,
        "cpu_usage_percent": 52.62443543726077
      },
      "critical_issues": [
        "P99 latency 8.87ms exceeds requirement"
      ],
      "recommendations": [
        "Optimize latency-critical paths"
      ]
    },
    {
      "category": "production_simulation",
      "test_name": "flash_crash",
      "status": "FAILED",
      "score": 55.0,
      "execution_time": 1.5497207641601562e-05,
      "metrics": {
        "average_latency_ms": 3.7654905580014386,
        "p99_latency_ms": 6.7778830044025895,
        "throughput_tps": 800.5622897770322,
        "error_rate_percent": 0.13597172135518515,
        "uptime_percent": 99.94174775460303,
        "memory_usage_mb": 811.040093510605,
        "cpu_usage_percent": 50.71886582266607
      },
      "critical_issues": [
        "P99 latency 6.78ms exceeds requirement",
        "Error rate 0.136% exceeds requirement",
        "Throughput 801 TPS below requirement"
      ],
      "recommendations": [
        "Optimize latency-critical paths",
        "Improve error handling and reliability",
        "Scale system capacity"
      ]
    },
    {
      "category": "production_simulation",
      "test_name": "fomc_announcement",
      "status": "PASSED",
      "score": 85.0,
      "execution_time": 1.1205673217773438e-05,
      "metrics": {
        "average_latency_ms": 4.197622674110036,
        "p99_latency_ms": 7.555720813398065,
        "throughput_tps": 1188.4242370858292,
        "error_rate_percent": 0.0600484549490502,
        "uptime_percent": 99.91699203325993,
        "memory_usage_mb": 1135.9783894537918,
        "cpu_usage_percent": 70.54065335369023
      },
      "critical_issues": [
        "P99 latency 7.56ms exceeds requirement"
      ],
      "recommendations": [
        "Optimize latency-critical paths"
      ]
    },
    {
      "category": "production_simulation",
      "test_name": "earnings_season",
      "status": "CONDITIONAL",
      "score": 70.0,
      "execution_time": 1.3113021850585938e-05,
      "metrics": {
        "average_latency_ms": 4.262155373168685,
        "p99_latency_ms": 7.671879671703634,
        "throughput_tps": 1190.852987683544,
        "error_rate_percent": 0.03016496397508467,
        "uptime_percent": 99.89094925875288,
        "memory_usage_mb": 842.1397568029931,
        "cpu_usage_percent": 70.38919666330176
      },
      "critical_issues": [
        "P99 latency 7.67ms exceeds requirement",
        "Uptime 99.89% below requirement"
      ],
      "recommendations": [
        "Optimize latency-critical paths",
        "Enhance system reliability and failover"
      ]
    },
    {
      "category": "production_simulation",
      "test_name": "weekend_maintenance",
      "status": "PASSED",
      "score": 85.0,
      "execution_time": 1.0967254638671875e-05,
      "metrics": {
        "average_latency_ms": 2.6246219397271906,
        "p99_latency_ms": 4.724319491508943,
        "throughput_tps": 1156.5030483376836,
        "error_rate_percent": 0.059225588757105256,
        "uptime_percent": 99.88858810589144,
        "memory_usage_mb": 1024.8656435636583,
        "cpu_usage_percent": 48.2503044392202
      },
      "critical_issues": [
        "Uptime 99.89% below requirement"
      ],
      "recommendations": [
        "Enhance system reliability and failover"
      ]
    },
    {
      "category": "production_simulation",
      "test_name": "circuit_breaker",
      "status": "PASSED",
      "score": 85.0,
      "execution_time": 1.0967254638671875e-05,
      "metrics": {
        "average_latency_ms": 2.4097005221177223,
        "p99_latency_ms": 4.3374609398119,
        "throughput_tps": 895.6000452698961,
        "error_rate_percent": 0.06762359388294553,
        "uptime_percent": 99.90055287281565,
        "memory_usage_mb": 815.8653480112386,
        "cpu_usage_percent": 74.63760806759237
      },
      "critical_issues": [
        "Throughput 896 TPS below requirement"
      ],
      "recommendations": [
        "Scale system capacity"
      ]
    },
    {
      "category": "production_simulation",
      "test_name": "after_hours_trading",
      "status": "PASSED",
      "score": 85.0,
      "execution_time": 1.049041748046875e-05,
      "metrics": {
        "average_latency_ms": 2.0181481455210406,
        "p99_latency_ms": 3.6326666619378734,
        "throughput_tps": 1026.079524991434,
        "error_rate_percent": 0.01622149194018677,
        "uptime_percent": 99.86676679890988,
        "memory_usage_mb": 854.5825718577919,
        "cpu_usage_percent": 64.99287484348737
      },
      "critical_issues": [
        "Uptime 99.87% below requirement"
      ],
      "recommendations": [
        "Enhance system reliability and failover"
      ]
    },
    {
      "category": "production_simulation",
      "test_name": "news_driven_spike",
      "status": "FAILED",
      "score": 55.0,
      "execution_time": 1.33514404296875e-05,
      "metrics": {
        "average_latency_ms": 2.939198925054719,
        "p99_latency_ms": 5.290558065098494,
        "throughput_tps": 850.830001566527,
        "error_rate_percent": 0.016806888285133256,
        "uptime_percent": 99.85552428370303,
        "memory_usage_mb": 1008.558526871231,
        "cpu_usage_percent": 50.27730338182218
      },
      "critical_issues": [
        "P99 latency 5.29ms exceeds requirement",
        "Uptime 99.86% below requirement",
        "Throughput 851 TPS below requirement"
      ],
      "recommendations": [
        "Optimize latency-critical paths",
        "Enhance system reliability and failover",
        "Scale system capacity"
      ]
    },
    {
      "category": "production_simulation",
      "test_name": "system_recovery",
      "status": "CONDITIONAL",
      "score": 70.0,
      "execution_time": 1.1920928955078125e-05,
      "metrics": {
        "average_latency_ms": 3.3786057412926667,
        "p99_latency_ms": 6.0814903343268005,
        "throughput_tps": 1088.7457469788574,
        "error_rate_percent": 0.058081113776243025,
        "uptime_percent": 99.88579938971988,
        "memory_usage_mb": 814.3198515791441,
        "cpu_usage_percent": 62.32679329450235
      },
      "critical_issues": [
        "P99 latency 6.08ms exceeds requirement",
        "Uptime 99.89% below requirement"
      ],
      "recommendations": [
        "Optimize latency-critical paths",
        "Enhance system reliability and failover"
      ]
    },
    {
      "category": "performance_validation",
      "test_name": "uptime_requirement",
      "status": "PASSED",
      "score": 100.0,
      "execution_time": 5.4836273193359375e-06,
      "metrics": {
        "measured_uptime_percent": 99.90218344428409,