{
  "tactical_system": {
    "avg_latency_ms": 0.21142877299917018,
    "p99_latency_ms": 2.193027000080292,
    "throughput_qps": 4729.725220530532,
    "memory_usage_mb": 0.00044140625,
    "cpu_usage_percent": 95.6,
    "meets_target": false,
    "model_size_mb": 0.0
  },
  "strategic_system": {
    "avg_latency_ms": 0.11333259499633641,
    "p99_latency_ms": 0.3174230100648856,
    "throughput_qps": 8823.586895123384,
    "memory_usage_mb": -0.0021328125,
    "cpu_usage_percent": 93.4,
    "meets_target": true,
    "model_size_mb": 0.0
  },
  "fvg_agent": {
    "avg_latency_ms": 0.061185072002217566,
    "p99_latency_ms": 0.21880700006249754,
    "throughput_qps": 16343.855899421944,
    "memory_usage_mb": 1.5625e-05,
    "cpu_usage_percent": 86.3,
    "meets_target": true,
    "model_size_mb": 0.0
  },
  "momentum_agent": {
    "avg_latency_ms": 0.07016296799974953,
    "p99_latency_ms": 0.24202800005014066,
    "throughput_qps": 14252.532760637632,
    "memory_usage_mb": 1.171875e-05,
    "cpu_usage_percent": 94.2,
    "meets_target": true,
    "model_size_mb": 0.0
  },
  "entry_agent": {
    "avg_latency_ms": 0.06056227900126032,
    "p99_latency_ms": 0.12940301014168581,
    "throughput_qps": 16511.928158766776,
    "memory_usage_mb": 0.0,
    "cpu_usage_percent": 86.7,
    "meets_target": true,
    "model_size_mb": 0.0
  },
  "mlmi_agent": {
    "avg_latency_ms": 0.06705783599772985,
    "p99_latency_ms": 0.7092390100365251,
    "throughput_qps": 14912.500308447972,
    "memory_usage_mb": 0.003859375,
    "cpu_usage_percent": 96.4,
    "meets_target": true,
    "model_size_mb": 0.0
  },
  "nwrqk_agent": {
    "avg_latency_ms": 0.07098904499753189,
    "p99_latency_ms": 0.8026290100929137,
    "throughput_qps": 14086.680558032123,
    "memory_usage_mb": 0.0096953125,
    "cpu_usage_percent": 100.0,
    "meets_target": true,
    "model_size_mb": 0.0
  },
  "mmd_agent": {
    "avg_latency_ms": 0.073074462999557,
    "p99_latency_ms": 0.354550019874294,
    "throughput_qps": 13684.671210051347,
    "memory_usage_mb": 0.0025,
    "cpu_usage_percent": 100.0,
    "meets_target": true,
    "model_size_mb": 0.0
  },
  "critic": {
    "avg_latency_ms": 0.07623551399728967,
    "p99_latency_ms": 0.9167560200035025,
    "throughput_qps": 13117.246117545059,
    "memory_usage_mb": 0.01313671875,
    "cpu_usage_percent": 100.0,
    "meets_target": true,
    "model_size_mb": 0.0
  }
}